;АРТИКУЛ;ОПИСАНИЕ;ШК ПОЗИЦИИ;КОЛЛИЧЕСТВО;размер;вес/гр;ЦЕНА;РАЗМЕР УП-КИ;КАТЕГОРИЯ;ССЫЛКА НА ПОСТАВЩИКА ОСНОВНОЙ ПОЗИЦИИ;ПОСТАВЩИК;;
1;X8215-1;Коричневые, полукруглые, линзы коричневые, в углах над линзами металлические вставки, черный клетчатый чехол;2007327693098;22;57-17-135;60;280;15х8х4;Женский, Мужской;;;;
2;X8506;Черные, полукруглые, сине-зеленые, с металлическими вставками, черный клетчатый чехол;2007327693081;18;60-12-135;60;280;15х8х4;Мужской;;;;
3;X8507-1;Черный матовый, полукруглые большие, черный, фигурные, черный клетчатый чехол;2007327693074;15;65-9-121;60;280;15х8х4;Мужской;;;;
4;X2151 c2;Коричневый матовый, полукруглые, желтый, металлические вставки на кончиеках душек, черный клетчатый чехол;2007327693067;26;45-9-132;60;280;15х8х4;Женский, Мужской;;;;
5;X8509-1;Черный, прямоугольная, черный, металл с пластиком, черный клетчатый чехол;2007327693050;15;55-7-120;60;280;15х8х4;Мужской;;;;
6;X8219;Коричневые, полукруглый, коричневые, с металлическими вставками, черный клетчатый чехол;2007327693043;12;55-9-140;60;280;15х8х4;Женский;;;;
7;X008 c5;Коричневые, полукруглые, коричневые, тонкие пластиковые душки, черный клетчатый чехол;2007327693036;21; 55-7-135;60;280;15х8х4;Женский, Мужской;;;;
8;X8215;Чернгый глянец, полукруглая, черный, в углах над линзами металлические вставки, черный клетчатый чехол;2007327693029;22; 68-7-135;60;280;15х8х4;Женский, Мужской;;;;
9;X8507-2;Черный блестящий, большие прямоугольные закрывающие, черный, фигурные, черный клетчатый чехол;2007327693012;22;66-6-126;60;280;15х8х4;Мужской;;;;
10;X8502;Черный, квадратные, черный, со звездами в углах над линзами и с рисунком на душках, черный клетчатый чехол;2007327693005;22;56-7-134;60;280;15х8х4;Женский, Мужской;;;;
11;X8215-129;Черные с коричневыми душками, полукруглые, черный, под дерево, черный клетчатый чехол;2007332058998;13; 63-8-129;60;280;15х8х4;Женский, Мужской;;;;
12;X8215-135;Черные с серыми душками, полуукруглые, черные, в углах над линзами с металлическими вставками, черный клетчатый чехол;2007332058981;26;68-7-135;60;280;15х8х4;Женский, Мужской;;;;
13;X9202 c1;Черные, полукруглые, черный, с серыми вставками, черный, гладкий, маленький;2007332058974;10; 60-7-137;60;368;15х8х4;Мужской;;;;
14;X8507-126;Коричневый, прямоугольные большие, коричневый, фигурные, черный, гладкий, маленький;2007332058967;4;66-6-126;60;280;15х8х4;Женский, Мужской;;;;
15;X801 c1;Черные, круглые, черные, полукруг между линзами, черный, гладкий, маленький;2007332058950;13; 48-7-130;60;280;15х8х4;Мужской;;;;
16;X025 c5;Коричневые, полукруг, коричневые, металлические заклепки на душках, черный, гладкий, маленький, 58-15-130;2007332058943;22; 58-7-130;60;280;15х8х4;Женский, Мужской;;;;
17;X014 c1;Черный, круглые, металическая палочка над линзами и птички металлические по бокам над линзами, чрный, гладкий, маленький;2007332058936;22; 52-21-136;60;216;15х8х4;Мужской;;;;
18;X006 c4;Коричневые, прямоугольные, коричневые,ребристые между душками к носу, с металлическими вставками, черный, гладкий, маленький;2007332058929;15;54-19-137;60;216;15х8х4;Женский, Мужской;;;;
19;X8212-1;Черные, полукруглые, с металическими вставками по краям над линзами, черный, гладкий, маленький;2007332058912;13; 62-18-128;60;280;15х8х4;Женский, Мужской;;;;
20;X801 c5;Коричневые, круглые, черный, гладкий, маленький;2007332058905;14; 45-15-140;60;280;15х8х4;Женский, Мужской;;;;
21;X008 c4;Черные матовые, квадратные, черный, гладкий, маленький;2007332058899;1;55-15-125;60;280;15х8х4;Мужской;;;;
22;XUV400-1;Серебристо-коричневые, капелька, серый, коричневые с переходом в серебристый металл, черный, гладкий, маленький;2007332058882;21;53-20-120;60;280;15х8х4;Женский, Мужской;;;;
23;X008 c11;Черные с коричневыми душками, полукруглые, под дерево, черный, гладкий, маленький;2007332058875;1;56-10-125;60;280;15х8х4;Женский, Мужской;;;;
24;X8212;Черные с красными душками, полукруглые, черные, красные и тонкие, черный, гладкий, маленький;2007332058868;24; 58-16-131;60;280;15х8х4;Женский, Мужской;;;;
25;XUV400-2;Серебристые, прямоугольные, серый, золотистые вставки на душках, черный, гладкий, маленький;2007332058851;22;66-16-126;60;280;15х8х4;Мужской;;;;
26;X8507;Черные, квадратные, черный, с красными полосками на душках от линз, черный, гладкий, маленький;2007332058622;10; 66-16-126;60;280;15х8х4;Мужской;;;;
27;X034 c13;Черные, круглые, синие, металлические тонкие кончики пластик черный, черный, гладкий, маленький;2007332058837;22; 45-17-130;60;280;15х8х4;Женский, Мужской;;;;
28;X8501;Черный глянцевый, полукруглый, металлические вставки полосками на душках, черный, гладкий, маленький;2007332058820;42; 65-17-123;60;280;15х8х4;Мужской;;;;
29;X034 c16;черный, круглые, тонкие металлические, черный, гладкий, маленький;2007332058813;3;45-15-130;60;280;15х8х4;Женский, Мужской;;;;
30;X8508;Сине-зеленые, зеркальные, круглые, без оправы, коричневый пластик, черный, гладкий, маленький;2007332058806;10;140-12-125;60;280;15х8х4;Мужской;;;;
31;X8506-1;Черные матовые, полукруглые, черные, с металлическими вставками, черный, гладкий, маленький;2007332058790;3; 65-17-124;60;280;15х8х4;Мужской;;;;
32;X033 c5;Коричневые, прямоуголбные, коричневый, черный, гладкий, маленький;2007332058783;2;57-18-131;60;280;15х8х4;Женский, Мужской;;;;
33;X006 c1;Черные, прямоугольные, черный, с металлическими вставками, черный, гладкий, маленький;2007332058776;14;54-19-137;60;216;15х8х4;Мужской;;;;
34;X008 c2;Черные с душками под дерово, прямоугольные, черные, серый, клетчатый чехол;2007332058769;15; 55-10-130;60;280;15х8х4;Мужской;;;;
35;X8408 A660-91-F26;Черные, прямоугольные, черные, с узором, серый, клетчатый чехол;2007332058752;7;57-17-142;60;280;15х8х4;Мужской;;;;
36;X120375 c02;Черные квадратные, черные, широкие душки, надптсь на линзе, серый, клетчатый чехол;2007332058745;44;57-21-151;60;720;15х8х4;Женский, Мужской;;;;
37;X120499 c01;Черные, квадратные, черные, вставки металлические от душек, серый, клетчатый чехол;2007332058738;23;61-15-140;60;880;15х8х4;Женский, Мужской;;;;
38;X120386 c02;Черные, полукруглые, черные, душки ребристые изнутри, с отверстиями по краям душек, серый, клетчатый чехол;2007332058721;22;53-20-143;60;720;15х8х4;Женский, Мужской;;;;
39;X120383 c04;Темно-синий, полукруглые, серые, металлические вставки, две точки по бокам над линзами, серый, клетчатый чехол;2007332058714;46;58-18-140;60;720;15х8х4;Женский, Мужской;;;;
40;X120092 c1;Черные, полукруглые, с металлическими вставками от оправы к душкам, серый, клетчатый чехол;2007332058707;12;57-16-140;60;480;15х8х4;Женский, Мужской;;;;
41;X008;Золотые, капельки, черный, с золотыми вставкам и на душках, серый, клетчатый чехол;2007332058691;5;60-20-135;60;280;15х8х4;Женский, Мужской;;;;
42;X8509;Черные, прямоугольные, синие, металлические, серый, клетчатый чехол;2007332058684;6;63-16-123;60;280;15х8х4;Мужской;;;;
43;X033 c16;Коричневые, прямоугольные, коричневые, тигровые, серый, клетчатый чехол;2007332058677;19;51-13-135;60;280;15х8х4;Женский;;;;
44;X8501-1;Черный с коричневыми душками, прямоугольные, черный, с душками под дерево, серый, клетчатый чехол;2007332058660;22;65-17-123;60;280;15х8х4;Женский, Мужской;;;;
45;X801 c11;Черный с коричневыми душками,  круглые, черные, серый, клетчатый чехол;2007332058653;11;50-15-130;60;280;15х8х4;Женский, Мужской;;;;
46;X120500 c02;Черные, прямоугольные, черные, с металлтческими вставками, серый, клетчатый чехол;2007332058646;10; 59-19-143;60;880;15х8х4;Женский, Мужской;;;;
47;X120390 c01;Черные, квадратные, черный, ребристые с металлтческими вставками, серый, клетчатый чехол;2007332058608;22;56-18-138;60;720;15х8х4;Женский, Мужской;;;;
48;Psilium;псиллиум шелуха подорожника, порошок;2007332058592;100;22/13;115;;;;;;;
49;Kerob;Кэроб. Порошок рожкового дерева средней обжарки, порошок;2007332058585;95;22/14;65;;;;;;;
50;Kist-al-hindi-m-p;Молотый корень Кыст аль-хинди, порошок, мелкий помол;2007332058578;50;22/15;70;;;;;;;
51;Kist-al-hindi-kr-p;Молотый корень Кыст аль-хинди, порошок, крупный помол;2007332058561;50;22/16;65;;;;;;;
52;spirulina-t;Сушенные водоросли спирулины, таблетки;2007332058554;100;22/17;115;;;;;;;
53;smyzi-miks;Спирулина, витграсс, хлорелла, барлейграсс, порошок;2007332058547;100;22/18;215;;;;;;;
54;tea-grech;Семена татарской гречихи;2007332058530;100;22/19;115;;;;;;;
55;red-drakon;Молотый питахайя, порошок.;2007332058523;95;22/20;65;;;;;;;
56;deltasvit;Эритрол, экстракт стевии, порошок;2007332058516;80;22/21;65;;;;;;;
57;Kist-al-hindi-t;Молотый корень Кысть аль-хинди, таблетки;2007332058509;48;5/100;70;;;;;;;
58;XJ-972;Золотистые, фигурная, зеркально-розовый, золотистый металл переходящий в коричневый пластик с отверстиями на кончиках, серый клетчетый чехол;2007332058493;1;60-20-135;60;270;15x8x4;Женский;;;;
59;XRB-2140-1;Белый, полукруглая, с металлическими вставками в углах над линзами, черный, широкие душки, серый, клетчатый чехол;2007332058486;1;51-18-137;60;90;15x8x4;Женский;;;;
60;X8010-lewis;Коричневый, круглые, коричневый, тонкие, металл переходящий в пластик, серый, клетчатый чехол;2007332058479;1;45-14-130;60;90;15x8x4;Женский;;;;
61;X2016-c1;Черные, внутри синие, круглые, по бокам вставки в виде розочек, черный, серый, клетчатый чехол;2007332058462;1;60-17-135;60;250;15x8x4;Женский;;;;
62;XR-2035-c2;Коричневый, прямоугольные, коричневые, широкие с ребристые с внутренней стороны, серый, клетчатый чехол;2007332058455;1;46-20-143;60;225;15x8x4;Женский;;;;
63;XRB-2140;Сиреневый, полукруглые, черный с переливом,  с надписью, серый, клетчатый чехол;2007332058448;1; 56-18-135;60;90;15x8x4;Женский;;;;
64;X5517;Черный, круглые, зеркальные, изогнутые, серый, клетчатый чехол;2007332058431;1; 50-10-130;60;270;15x8x4;Женский;;;;
65;XRB-8056-c6;Серый, полукруглые, синие в металической оправе снизу, сверху над линзами в углах металлические вставки, металлические с надписью с переходом в пластик,серый, клетчатый чехол;2007332058424;1; 51-21-127;60;90;15x8x4;Женский;;;;
66;X9045;Золотисто-черный, круглые, изогнутые, черные, тигрового цвета, тонкие, на кончиках отверстия, серый, клетчатый чехол;2007332058417;1;58-18-139;60;270;15x8x4;Женский;;;;
67;XRB-3025-c5-800;Серебристые, капельки, синие, тонкие металлические переходящие в пластик, серый, клетчатый чехол;2007332058400;1;50-10-130;60;90;15x8x4;Женский;;;;
68;XRB-3016;Черный глянцевый, круглые, темно-зеленые, над линзами в углах металлические вставки, с надписью,серый, клетчатый чехол;2007332058394;1;50-20-140;60;90;15x8x4;Женский;;;;
69;XRB-3016-1;Черные, круглые, зеркальные, над линзами в углах металлические вставки, металлический мост, с надписью, серый, клетчатый чехол;2007332058387;1; 50-20-140;60;90;15x8x4;Женский;;;;
70;X30265-1;Розовый, капельки, розовый, металлические, тонкие, серый, клетчатый чехол;2007332058370;1;65-15-142;60;90;15x8x4;Женский;;;;
71;X2320-c4;Черно-розовые, фигурные, без оправы, розовые, тонкие, серый, клетчатый чехол;2007332058363;1;58-17-136;60;270;15x8x4;Женский;;;;
72;X5622;Черные, круглые, голубой, с металлическими вставками в углах над линзами, значек металлический в начале душек, серый, клетчатый чехол;2007332058356;1;47-10-132;60;270;15x8x4;Женский;;;;
73;XEM-2011-c3;Прозрачные, полукруглые, коричневые, серый, клетчатый чехол;2007332058349;1;51-23-14;60;315;15x8x4;Женский;;;;
74;X3026 ;Черные, капельки, с надписью, оранжевые, тонкие с надписью, серый, клетчатый чехол;2007332058332;1; 54-10-130;60;90;15x8x4;Женский;;;;
75;XEM-2001-c2;Серые, полукруглые, серые, серый, клетчатый чехол;2007332058325;1;51-23-149;60;315;15x8x4;Женский;;;;
76;XP-1870-c1;Черные, капельки, оправа сверху пластик, снизу металл, темные, с металлическими вставками узором, серый, клетчатый чехол;2007332058318;1;54-21-136;60;315;15x8x4;Женский;;;;
77;X2201;Белые, детские, прямоугольные с мордой зайца посередене оправы сверху, черные, серый, клетчатый чехол;2007332058301;1;40-17-120;60;90;15x8x4;Девочки, мальчики;;;;
78;X2320-c8;Серые, фигурные, коричневые с переливом, без оправы, с узором,серый, клетчатый чехол;2007332058295;1;56-17-136;60;90;15x8x4;Женский;;;;
79;X3016;Тигровый, полукруглые, темно-зеленые, мост металлический, с надписью, серый, клетчатый чехол;2007332058288;1; 45-10-130;60;90;15x8x4;Женский;;;;
80;XA-8415-c7;Коричневые, треугольником, прозрачные, серый, клетчатый чехол;2007332058271;1; 52-16-137;60;225;15x8x4;Женский;;;;
81;XD-5868-c11;Черные, круглые, металлическая оправа узором, черные, душки без узора, серый, клетчатый чехол;2007332058264;1; 52-16-133;60;315;15x8x4;Женский;;;;
82;X4120-c3;Прозрачные, полукруглые, серые, сверху соединение золотистым пластиком, тонкие металлические переходящие в пластик, серый, клетчатый чехол;2007332058257;1;50-17-130;60;270;15x8x4;Женский;;;;
83;X5005-c3;Золотистые, фигурные, серые, тонкие, металлические, серый, клетчатый чехол;2007332058240;1;64-13-148;60;270;15x8x4;Женский;;;;
84;X7067-c2;Золотистые, фигурные, коричневые, тонкие, металлические, серый, клетчатый чехол;2007332058233;1;50-13-135;60;270;15x8x4;Женский;;;;
85;X931;Золотистый, круглые, фигурная металлическая оправыав, тонкие, серый, клетчатый чехол;2007332058226;1;60-17-150;60;270;15x8x4;Женский;;;;
86;X940;Черные, прямоугольные, зеркальные, тонкие, металлические, серый, клетчатый чехол;2007332058219;1;53-22-150;60;270;15x8x4;Женский;;;;
87;X983;Черные, круглые, металлический золотой мост, тонкие металлические переходят в пластик,  серый, клетчатый чехол;2007332058202;1;55-20-145;60;270;15x8x4;Женский;;;;
88;XAPC2019-c3;Черные, прямоугольные, синие, метальческие с надписью переходящие в пластик, серый, клетчатый чехол;2007332058196;1;54-16-140;60;315;15x8x4;Женский, Мужской;;;;
89;JA-5110-SK-3XL;Спортивный костюм темно-зеленый/TEREXX;;1;3XL;1000;1850;45/40/5;;;;;
90;JA-5110-SK-4XL;Спортивный костюм темно-зеленый/TEREXX;;1;4XL;1000;1850;45/40/5;;;;;
91;JA-5110-SK-5XL;Спортивный костюм темно-зеленый/TEREXX;;1;5XL;1000;1850;45/40/5;;;;;
92;JA-5110-SK-6XL;Спортивный костюм темно-зеленый/TEREXX;;1;6XL;1000;1850;45/40/5;;;;;
93;JA-5110-SK-7XL;Спортивный костюм темно-зеленый/TEREXX;;1;7XL;1000;1850;45/40/5;;;;;
94;G-8112-SK-XL;Спортивный костюм красно-синий/ billcee;;1;XL;1000;1200;40/35/5;;;;;
95;G-8112-SK-4XL;Спортивный костюм красно-синий/ billcee;;1;4XL;1000;1200;40/35/5;;;;;
96;G-8112-SK-2XL;Спортивный костюм красно-синий/ billcee;;1;2XL;1000;1200;40/35/5;;;;;
97;G-8112-SK-3XL;Спортивный костюм красно-синий/ billcee;;1;3XL;1000;1200;40/35/5;;;;;
98;G-8112-SK-L;Спортивный костюм красно-синий/ billcee;;1;L;1000;1200;40/35/5;;;;;
99;A-5130-SK-XL;Спортивный костюм темно-серый/CrossFit;;1;XL;1000;1650;45/40/5;;;;;
100;A-5130-SK-3XL;Спортивный костюм темно-серый/CrossFit;;1;3XL;1000;1650;45/40/5;;;;;
101;A-5130-SK-M;Спортивный костюм темно-серый/CrossFit;;1;M;1000;1650;45/40/5;;;;;
102;A-5130-SK-2XL;Спортивный костюм темно-зеленый/CrossFit;;0;2XL;1000;1650;45/40/5;;;;;
103;A-5130-SK-L;Спортивный костюм темно-серый/CrossFit;;1;L;1000;1650;45/40/5;;;;;
104;FT-21767-SK-XL;Спортивный костюм черный в мелкий ромбик;;1;XL;1000;2000;55/40/8;;;;;
105;FT-21767-SK-3XL;Спортивный костюм черный в мелкий ромбик;;1;3XL;1000;2000;55/40/8;;;;;
106;FT-21767-SK-M;Спортивный костюм черный в мелкий ромбик;;1;M;1000;2000;55/40/8;;;;;
107;FT-21767-SK-2XL;Спортивный костюм черный в мелкий ромбик;;1;2XL;1000;2000;55/40/8;;;;;
108;FT-21767-SK-L;Спортивный костюм черный в мелкий ромбик;;1;L;1000;2000;55/40/8;;;;;
109;FT-21768-SK-XL;Спортивный костюм черные штаны, красная кофта /atletic departament;;1;XL;1000;2000;55/40/8;;;;;
110;FT-21768-SK-3XL;Спортивный костюм черные штаны, красная кофта/atletic departament;;1;3XL;1000;2000;55/40/8;;;;;
111;FT-21768-SK-M;Спортивный костюм черные штаны, красная кофта/atletic departament;;1;M;1000;2000;55/40/8;;;;;
112;FT-21768-SK-2XL;Спортивный костюм черные штаны, красная кофта/atletic departament;;1;2XL;1000;2000;55/40/8;;;;;
113;FT-21768-SK-L;Спортивный костюм черные штаны, красная кофта/atletic departament;;1;L;1000;2000;55/40/8;;;;;
114;SMY-09-SK-XL;Спортивный костюм с гербом и надписью Россия, черно-красный;;1;XL;1000;1700;60/45/8;;;;;
115;SMY-09-SK-3XL;Спортивный костюм с гербом и надписью Россия, черно-красный;;1;3XL;1000;1700;60/45/8;;;;;
116;SMY-09-SK-M;Спортивный костюм с гербом и надписью Россия, черно-красный;;1;M;1000;1700;60/45/8;;;;;
117;SMY-09-SK-2XL;Спортивный костюм с гербом и надписью Россия, черно-красный;;1;2XL;1000;1700;60/45/8;;;;;
118;SMY-09-SK-L;Спортивный костюм с гербом и надписью Россия, черно-красный;;1;L;1000;1700;60/45/8;;;;;
119;SMY-17-SK-XL;Спортивный костюм с гербом и надписью Россия, сине-черный;;1;XL;1000;1700;60/45/8;;;;;
120;SMY-17-SK-3XL;Спортивный костюм с гербом и надписью Россия, сине-черный;;1;3XL;1000;1700;60/45/8;;;;;
121;SMY-17-SK-M;Спортивный костюм с гербом и надписью Россия, сине-черный;;1;M;1000;1700;60/45/8;;;;;
122;SMY-17-SK-2XL;Спортивный костюм с гербом и надписью Россия, сине-черный;;1;2XL;1000;1700;60/45/8;;;;;
123;SMY-17-SK-L;Спортивный костюм с гербом и надписью Россия, сине-черный;;1;L;1000;1700;60/45/8;;;;;
124;AT-9019-SK-XL;Спортивный костюм черный с мелкими крестиками;;1;XL;1000;1650;45/40/5;;;;;
125;AT-9019-SK-3XL;Спортивный костюм черный с мелкими крестиками;;1;3XL;1000;1650;45/40/5;;;;;
126;AT-9019-SK-M;Спортивный костюм черный с мелкими крестиками;;1;M;1000;1650;45/40/5;;;;;
127;AT-9019-SK-2XL;Спортивный костюм черный с мелкими крестиками;;1;2XL;1000;1650;45/40/5;;;;;
128;AT-9019-SK-L;Спортивный костюм черный с мелкими крестиками;;1;L;1000;1650;45/40/5;;;;;
129;JA-5133-SK-3XL;Спортивный костюм черный однотонный/BOGNER;;1;3XL;1000;1850;45/40/5;;;;;
130;JA-5133-SK-4XL;Спортивный костюм черный однотонный/BOGNER;;1;4XL;1000;1850;45/40/5;;;;;
131;JA-5133-SK-5XL;Спортивный костюм черный однотонный/BOGNER;;1;5XL;1000;1850;45/40/8;;;;;
132;JA-5133-SK-6XL;Спортивный костюм черный однотонный/BOGNER;;1;6XL;1000;1850;45/40/8;;;;;
133;JA-5133-SK-7XL;Спортивный костюм черный однотонный/BOGNER;;1;7XL;1000;1850;45/40/8;;;;;
134;JA-5110-1-SK-3XL;Спортивный костюм красная кофта, черные штаны/ TERREK;;1;3XL;1000;1850;45/40/8;;;;;
135;JA-5110-1-SK-4XL;Спортивный костюм красная кофта, черные штаны/ TERREK;;1;4XL;1000;1850;45/40/8;;;;;
136;JA-5110-1-SK-5XL;Спортивный костюм красная кофта, черные штаны/ TERREK;;1;5XL;1000;1850;45/40/8;;;;;
137;JA-5110-1-SK-6XL;Спортивный костюм красная кофта, черные штаны/ TERREK;;1;6XL;1000;1850;45/40/8;;;;;
138;JA-5110-1-SK-7XL;Спортивный костюм красная кофта, черные штаны/ TERREK;;1;7XL;1000;1850;45/40/8;;;;;
139;G-8112-1-SK-XL;Спортивный костюм черный billcee;;1;XL;1000;1200;40/35/5;;;;;
140;G-8112-1-SK-4XL;Спортивный костюм черный billcee;;1;4XL;1000;1200;40/35/5;;;;;
141;G-8112-1-SK-2XL;Спортивный костюм черный billcee;;1;2XL;1000;1200;40/35/5;;;;;
142;G-8112-1-SK-3XL;Спортивный костюм черный billcee;;1;3XL;1000;1200;40/35/5;;;;;
143;G-8112-1-SK-L;Спортивный костюм черный billcee;;1;L;1000;1200;40/35/5;;;;;
144;SA-1-SK-4XL;Сортивный костюм синего цвета, maraton;;1;4XL;1000;1400;45/40/5;;;;;
145;SA-1-SK-5XL;Сортивный костюм синего цвета, maraton;;1;5XL;1000;1400;45/40/5;;;;;
146;SA-1-SK-6XL;Сортивный костюм синего цвета, maraton;;1;6XL;1000;1400;45/40/5;;;;;
147;SA-1-SK-7XL;Сортивный костюм синего цвета, maraton;;1;7XL;1000;1400;45/40/5;;;;;
148;SA-1-SK-8XL;Сортивный костюм синего цвета, maraton;;1;8XL;1000;1400;45/40/5;;;;;
149;fm-90003;фм модулятор;;5;60/50/145;50;300;60/50/150;;;;;
150;fm--90001;фм модулятор;;6;70/40/190;50;300;70/40/200;;;;;
151;fm--90002;фм модулятор;;5;60/50/145;50;300;60/50/150;;;;;
152;S-D-Love Story-20;Сухие духи для женщин с феромонами «Love Story» 20 м.;;3;60/50/20;30;135;;;;;;
153;S-D-Pink Rabbit-21;Сухие духи для женщин с феромонами «Pink Rabbit» 20 мл.;;3;60/50/20;30;135;;;;;;
154;S-D-Don Xuan-20;Сухие духи для мужчин с феромонами "Don Xuan" 20 мл.;;3;60/50/20;30;135;;;;;;
155;S-D-Egoist-20;Сухие духи для мужчин с феромонами "Egoist" 20 мл.;;3;60/50/20;30;135;;;;;;
156;S-D-Primitive Hunter-20;Сухие духи для мужчин с феромонами Primitive Hunter 20 мл;;3;60/50/20;30;135;;;;;;
157;S-D-Night Love-20;Сухие духи с феромонами «Night Love»  20 мл.;;2;60/50/20;30;135;;;;;;
158;S-D-Русская весна-5;Сухие духи  "Русская весна" 5 мл.;;3;60/50/20;20;110;;;;;;
159;S-D-Русская сказка-5;Сухие духи  "Русская сказка" 5 мл;;4;60/50/20;20;110;;;;;;
160;S-D-Русский холод-5;Сухие духи  "Русский холод" 5 мл.;;3;60/50/20;20;110;;;;;;
161;S-D-Искушенное сердце-5;Духи сухие для женщин с феромонами "Искушенное сердце" 5 мл.;;3;60/50/20;20;85;;;;;;
162;S-D-Нота любви-55;Духи сухие для женщин с феромонами "Нота любви" 5 мл.;;3;60/50/20;20;85;;;;;;
163;S-D-Соблазн-55;Духи сухие для мужчин с феромонами "Идеальный соблазнитель" 5 мл.;;3;60/50/20;20;85;;;;;;
164;S-D-African D-Ance;'Духи Твердые Экстра Класса "Аромапомадка" African D''Ance 5.6 г';;2;15/12;25;190;;;;;;mssk100057
165;S-D-Angel-Devil;Духи Твердые Экстра Класса "Аромапомадка" Angel & Devil 5.6 г;;2;15/12;25;190;;;;;;mssk100058
166;S-D- Bloom Bouquet;Духи Твердые Экстра Класса "Аромапомадка" Bloom Bouquet 5.6 г;;2;15/12;25;190;;;;;;mssk100059
167;S-D- Bloom Euphory;Духи Твердые Экстра Класса "Аромапомадка" Bloom Euphory 5.6 г;;2;15/12;25;190;;;;;;mssk100060
168;S-D-Dark Orchid;Духи Твердые Экстра Класса "Аромапомадка" Dark Orchid 5.6 г;;2;15/12;25;190;;;;;;mssk100061
169;S-D-Leau Cool ;Духи Твердые Экстра Класса "Аромапомадка" Leau Cool 5.6 г;;2;15/12;25;190;;;;;;mssk100062
170;S-D-Macromolecules;Духи Твердые Экстра Класса "Аромапомадка" Macromolecules 200 5.6 г;;2;15/12;25;190;;;;;;mssk100063
171;S-D- MF The&First;Духи Твердые Экстра Класса "Аромапомадка" MF The&First 5.6 г;;2;15/12;25;190;;;;;;mssk100064
172;S-D-My Guilt;Духи Твердые Экстра Класса "Аромапомадка" My Guilt 5.6 г;;2;15/12;25;190;;;;;;mssk100065
173;S-D-Night Time;Духи Твердые Экстра Класса "Аромапомадка" Night Time 5.6 г;;2;15/12;25;190;;;;;;mssk100066
174;S-D-Paradise Place;Духи Твердые Экстра Класса "Аромапомадка" Paradise Place 5.6 г;;2;15/12;25;190;;;;;;mssk100067
175;S-D-Seduce Smile;Духи Твердые Экстра Класса "Аромапомадка" Seduce Smile 5.6 г;;2;15/12;25;190;;;;;;mssk100068
176;S-D-Sweet Apple;Духи Твердые Экстра Класса "Аромапомадка" Sweet Apple 5.6 г;;2;15/12;25;190;;;;;;mssk100069
177;S-D- VIP Lady;Духи Твердые Экстра Класса "Аромапомадка" VIP Lady 5.6 г;;1;15/12;25;190;;;;;;mssk100070
178;S-D-Angel Secret;'Духи Твердые Экстра Класса "Аромапомадка" Angel''s Secret 5.6 гр.';;2;15/12;25;190;;;;;;mssk100071
179;S-D-Fleur Narcissus;Духи Твердые Экстра Класса "Аромапомадка" Fleur Narcissus 5.6 гр.;;2;15/12;25;190;;;;;;mssk100072
180;S-D-Goodbye Girl;Духи Твердые Экстра Класса "Аромапомадка" Goodbye Girl 5.6 г;;2;15/12;25;190;;;;;;mssk100073
181;S-D- Lady -Mademoiselle ;Духи Твердые Экстра Класса "Аромапомадка" Lady & Mademoiselle 5.6 гр.;;2;15/12;25;190;;;;;;mssk100074
182;S-D-Lana Ecleir;Духи Твердые Экстра Класса "Аромапомадка" Lana Ecleir 5.6 гр.;;2;15/12;25;190;;;;;;mssk100075
183;S-D-Madame Azalea;Духи Твердые Экстра Класса "Аромапомадка" Madame Azalea 5.6 г;;2;15/12;25;190;;;;;;mssk100076
184;S-D-MF D-Or;'Духи Твердые Экстра Класса "Аромапомадка" MF D''Or 5.6 г';;2;15/12;25;190;;;;;;mssk100077
185;S-D- MF Imperatrice;Духи Твердые Экстра Класса "Аромапомадка" MF Imperatrice 5.6 гр.;;2;15/12;25;190;;;;;;mssk100078
186;S-D-MF Light Glow;Духи Твердые Экстра Класса "Аромапомадка" MF Light Glow 5.6 гр.;;2;15/12;25;190;;;;;;mssk100079
187;S-D-MF Pour Femme;Духи Твердые Экстра Класса "Аромапомадка" MF Pour Femme 5.6 гр.;;2;15/12;25;190;;;;;;mssk100080
188;S-D-MF Rusch;Духи Твердые Экстра Класса "Аромапомадка" MF Rusch II 5.6 г;;2;15/12;25;190;;;;;;mssk100081
189;S-D-Mirage Parfum;Духи Твердые Экстра Класса "Аромапомадка" Mirage Parfum 5.6 г;;2;15/12;25;190;;;;;;mssk100082
190;S-D-Pure Crystal;Духи Твердые Экстра Класса "Аромапомадка" Pure Crystal 5.6 гр.;;2;15/12;25;190;;;;;;mssk100083
191;S-D-Red Apple;Духи Твердые Экстра Класса "Аромапомадка" Red Apple 5.6 гр.;;2;15/12;25;190;;;;;;mssk100084
192;S-D-Rose Music;Духи Твердые Экстра Класса "Аромапомадка" Rose Music 5.6 гр.;;2;15/12;25;190;;;;;;mssk100085
193;S-D-Tender Lady;Духи Твердые Экстра Класса "Аромапомадка" Tender Lady 5.6 гр.;;2;15/12;25;190;;;;;;mssk100086
194;S-D-Tropical Cocktails;Духи Твердые Экстра Класса "Аромапомадка" Tropical Cocktails 5.6 г;;2;15/12;25;190;;;;;;mssk100087
195;S-D- Urban Kiss ;Духи Твердые Экстра Класса "Аромапомадка" Urban Kiss 5.6 г;;2;15/12;25;190;;;;;;mssk100088
196;S-D-MF Cigar;Духи Твердые Экстра Класса "Аромапомадка" Vanille MF Cigar 5.6 гр;;2;15/12;25;190;;;;;;mssk100089
197;S-D- X-loe Parfum;Духи Твердые Экстра Класса "Аромапомадка" X-loe Parfum 5.6 г;;2;15/12;25;190;;;;;;mssk100090
198;C730;САШЕ Сухие духи "Ваниль" 20;;4;15/7/1;25;67,24;;;;;;mssk100091
199;CD054;САШЕ Сухие духи "Василек" 20;;4;15/7/1;25;67,24;;;;;;mssk100092
200;CD074;САШЕ Сухие духи "Василек" 40;;4;20/10/2;43;91,84;;;;;;mssk100093
201;C717;САШЕ Сухие духи "Зеленый чай" 20;;4;15/7/1;25;67,24;;;;;;mssk100094
202;CD070;САШЕ Сухие духи "Ирис" 20;;4;15/7/1;25;67,24;;;;;;mssk100095
203;CD013;САШЕ Сухие духи "Красная Москва" 20;;4;15/7/1;25;67,24;;;;;;mssk100096
204;C718;САШЕ Сухие духи "Лаванда" 20;;4;15/7/1;25;67,24;;;;;;
205;CD073;САШЕ Сухие духи "Лаванда" 40;;3;20/10/2;43;91,02;;;;;;
206;CD053;САШЕ Сухие духи "Орхидея" 20;;4;15/7/1;25;67,24;;;;;;
207;CD067;САШЕ Сухие духи "Роза" 20;;4;15/7/1;25;67,24;;;;;;
208;C722;САШЕ Сухие духи "Смородина" 20;;4;15/7/1;25;67,24;;;;;;
209;C735;САШЕ Сухие духи "Смородина" 40;;3;20/10/2;43;91,84;;;;;;
210;CD069;САШЕ Сухие духи "Фрезия" 20;;3;15/7/1;25;67,24;;;;;;
211;C736;САШЕ Сухие духи "Экзотик" 40;;3;20/10/2;43;91,84;;;;;;
212;CD068;САШЕ Сухие духи "Ваниль" 40;;3;20/10/2;43;91,84;;;;;;
213;C731;САШЕ Сухие духи "Зеленый чай" 40;;3;20/10/2;43;91,84;;;;;;
214;C719;САШЕ Сухие духи "Ландыш" 20;;4;15/7/1;25;67,24;;;;;;
215;C732;САШЕ Сухие духи "Ландыш" 40;;3;20/10/2;43;91,84;;;;;;
216;C734;САШЕ Сухие духи "Роза" 40;;3;20/10/2;43;91,84;;;;;;
217;C723;САШЕ Сухие духи "Экзотик" 20;;3;15/7/1;25;67,24;;;;;;
218;X003-1;Серебристый, прямоугольные, серый, металлические узорные душки переходящие в пластик, черный клетчатый чехол.;mssk100047;24;62-10-140;60;280;15x8x4;Мужской;https://optika-moskva.ru/products_image/1200/muzhskie_polyarizacionnye_v-_POLARIZED_003.jpg;Оптика-Москва;;
219;X005;Черные, овальные, черные, а изнутри с синим оттенком, золотистые вставки узоры на пластиковых душках. черный клетчатый чехол.;mssk100048;24;55-15-127;60;280;15x8x4;Мужской;https://optika-moskva.ru/products_image/1200/muzhskie_polyarizacionnye_v-_POLARIZED_005.jpg;Оптика-Москва;;
220;X120385-c01-1;Черные с серыми душками, полукруглоые, черные, металические переходящие в пластик, фигурные, тонкие, черный клетчатый чехол.;mssk100049;24;54-13-135;60;720;15x8x4;Женский, Мужской;https://optika-moskva.ru/products_image/1200/muzhskie_polyarizacionnye_ochki_Belessa_120375_c02.jpg;Оптика-Москва;;
221;X8496-10-91-2;Коричневые, квадратные, коричневыек, по углам над линзами 2 точки, металический переход в пластиковые, фигурные, широкие душки,черный клетчатый чехол. ;mssk100050;24;54-91-132;60;640;15x8x4;Женский, Мужской;;;;
222;X015-c8;Черные, круглые, сине-зеленые отражающие, над душками в углах по две точки , тонкие душки, черный, гладкий, маленький чехол. ;mssk100051;15;45-10-135;60;280;15x8x4;Мужской;;;;
223;X025-c7;Черные, прямоугольные, синий, широкие со вставками, черный, гладкий, маленький чехол.;mssk100052;3;53-8-135;60;280;15x8x4;Мужской;;;;
224;X025-c8;Черные, прямоугольные, сине-зеленые, широкие со вставками, черный, гладкий, маленький чехол.;mssk100053;4;53-8-135;60;280;15x8x4;Мужской;;;;
225;X028-c9;Черные, прямоугольные, сине-зеленые, пластиковык, серый, клетчатый чехол.;mssk100054;9;51-4-130;60;280;15x8x4;Мужской;;;;
226;X034-c4;Черные, круглые, черные, тонкие металические переходящие в пластик, серный клетчатый чехол.;mssk100055;24;45-10-120;60;280;15x8x4;Мужской;;;;
227;X028-c5;Темно-синие, прямоугольные, серые, металические переходящие в пластик, серый, клетчатый чехол;mssk100056;14;56-19-137;60;216;15x8x4;Женский, Мужской;;;;
228;X2151-c3;Коричневые, полукруглые, корочневые, матовые с металлическими вставками, серый, клетчатый чехол;mssk100057;4;54-22-139;60;280;15x8x4;Женский, Мужской;;;;
229;K-1148-M-44;Халат "Анастасия" цвет мокко для беременных;;1;30/40/5;300;812,6;;;;;;
230;K-1148-M-42;Халат "Анастасия" цвет мокко для беременных;;1;30/40/5;300;812,6;;;;;;
231;K-1148-M-50;Халат "Анастасия" цвет мокко для беременных;;1;30/40/5;300;812,6;;;;;;
232;HT-K-1817-42;Костюм Беременяшка - голубой;;1;30/40/5;500;839,8;;;;;;
233;HT-K-1817-44;Костюм Беременяшка - голубой;;1;30/40/5;500;839,8;;;;;;
234;HT-K-1817-48;Костюм Беременяшка - голубой;;1;30/40/5;500;839,8;;;;;;
235;XC-P-1110P-NC-50;Пеньюар халат+сорочка розовый в цветочек для беременных;;1;30/40/5;400;754;;;;;;
236;XC-P-1110P-NC-48;Пеньюар халат+сорочка розовый в цветочек для беременных;;1;30/40/5;400;754;;;;;;
237;XC-P-1110P-NC-46;Пеньюар халат+сорочка розовый в цветочек для беременных;;1;30/40/5;400;754;;;;;;
238;DTR-95-3-48;Халат Ирма цвет графит для беременных;;1;30/30/5;400;656,6;;;;;;
239;HT-P-092-44;Пеньюар халат+сорочка, розовый в мелкий кружочек для беременных;;1;30/30/5;400;860,6;;;;;;
240;LD-7382-44;Комплект женский Нега, светло-зеленый в цветочек и горошек для беременных;;1;40/30/5;500;877,6;;;;;;
241;LD-7382-46;Комплект женский Нега, светло-зеленый в цветочек и горошек для беременных;;1;40/30/5;500;877,6;;;;;;
242;LD-7382-48;Комплект женский Нега, светло-зеленый в цветочек и горошек для беременных;;1;40/30/5;500;877,6;;;;;;
243;LD-7382-50;Комплект женский Нега, светло-зеленый в цветочек и горошек для беременных;;1;40/30/5;500;877,6;;;;;;
244;LD-7382-52;Комплект женский Нега, светло-зеленый в цветочек и горошек для беременных;;1;40/30/5;500;877,6;;;;;;
245;LD-7382-54;Комплект женский Нега, светло-зеленый в цветочек и горошек для беременных;;1;40/30/5;500;877,6;;;;;;
246;LD-7382-56;Комплект женский Нега, светло-зеленый в цветочек и горошек;;1;40/30/5;500;877,6;;;;;;
247;XC-P-1100-52;Пеньюар светло-бордовый в цветочек для беременных;;1;30/30/5;400;715;;;;;;
248;LD-7067-44;Комплект Весна пеньюар+сорочка бело-серый с веточками и цветочками для беременных;;1;30/30/5;500;912,6;;;;;;
